Workbook

Sheet ภาระงานสอน
A1: ตารางภาระงานสอนแยกตามภาคเรียน
A2: ปีการศึกษา | B2: ภาคเรียน | C2: รหัสวิชา | D2: ชื่อวิชา | E2: หมู่เรียน | F2: หน่วยกิต | G2: จำนวนนักศึกษา | H2: ชั่วโมงบรรยาย/สัปดาห์ | I2: ชั่วโมงปฏิบัติ/สัปดาห์ | J2: ชั่วโมงสอนรวม/สัปดาห์ | K2: จำนวนสัปดาห์ | L2: ชั่วโมงสอนรวม/ภาคเรียน | M2: ผู้สอน | N2: หมายเหตุ
J3: =IF(COUNTA(H3:I3)=0,"",SUM(H3:I3)) | L3: =IF(OR(J3="",K3=""),"",J3*K3)
J4: =IF(COUNTA(H4:I4)=0,"",SUM(H4:I4)) | L4: =IF(OR(J4="",K4=""),"",J4*K4)
J5: =IF(COUNTA(H5:I5)=0,"",SUM(H5:I5)) | L5: =IF(OR(J5="",K5=""),"",J5*K5)
J6: =IF(COUNTA(H6:I6)=0,"",SUM(H6:I6)) | L6: =IF(OR(J6="",K6=""),"",J6*K6)
J7: =IF(COUNTA(H7:I7)=0,"",SUM(H7:I7)) | L7: =IF(OR(J7="",K7=""),"",J7*K7)
J8: =IF(COUNTA(H8:I8)=0,"",SUM(H8:I8)) | L8: =IF(OR(J8="",K8=""),"",J8*K8)
J9: =IF(COUNTA(H9:I9)=0,"",SUM(H9:I9)) | L9: =IF(OR(J9="",K9=""),"",J9*K9)
J10: =IF(COUNTA(H10:I10)=0,"",SUM(H10:I10)) | L10: =IF(OR(J10="",K10=""),"",J10*K10)
J11: =IF(COUNTA(H11:I11)=0,"",SUM(H11:I11)) | L11: =IF(OR(J11="",K11=""),"",J11*K11)
J12: =IF(COUNTA(H12:I12)=0,"",SUM(H12:I12)) | L12: =IF(OR(J12="",K12=""),"",J12*K12)
J13: =IF(COUNTA(H13:I13)=0,"",SUM(H13:I13)) | L13: =IF(OR(J13="",K13=""),"",J13*K13)
J14: =IF(COUNTA(H14:I14)=0,"",SUM(H14:I14)) | L14: =IF(OR(J14="",K14=""),"",J14*K14)
... J102: =IF(COUNTA(H102:I102)=0,"",SUM(H102:I102)) | L102: =IF(OR(J102="",K102=""),"",J102*K102)

Sheet สรุปรายภาคเรียน
A1: สรุปภาระงานสอนรายภาคเรียน
A2: ปีการศึกษา | B2: ภาคเรียน | C2: จำนวนรายวิชา/หมู่เรียน | D2: ชั่วโมงสอนรวม/ภาคเรียน
A3: 2569 | B3: ภาคเรียนที่ 1 | C3: =COUNTIFS('ภาระงานสอน'!$A$3:$A$102,A3,'ภาระงานสอน'!$B$3:$B$102,B3,'ภาระงานสอน'!$D$3:$D$102,"<>") | D3: =SUMIFS('ภาระงานสอน'!$L$3:$L$102,'ภาระงานสอน'!$A$3:$A$102,A3,'ภาระงานสอน'!$B$3:$B$102,B3)
A4: 2569 | B4: ภาคเรียนที่ 2 | C4: =COUNTIFS('ภาระงานสอน'!$A$3:$A$102,A4,'ภาระงานสอน'!$B$3:$B$102,B4,'ภาระงานสอน'!$D$3:$D$102,"<>") | D4: =SUMIFS('ภาระงานสอน'!$L$3:$L$102,'ภาระงานสอน'!$A$3:$A$102,A4,'ภาระงานสอน'!$B$3:$B$102,B4)
A5: 2569 | B5: ภาคฤดูร้อน | C5: =COUNTIFS('ภาระงานสอน'!$A$3:$A$102,A5,'ภาระงานสอน'!$B$3:$B$102,B5,'ภาระงานสอน'!$D$3:$D$102,"<>") | D5: =SUMIFS('ภาระงานสอน'!$L$3:$L$102,'ภาระงานสอน'!$A$3:$A$102,A5,'ภาระงานสอน'!$B$3:$B$102,B5)
A6: 2570 | B6: ภาคเรียนที่ 1 | C6: =COUNTIFS('ภาระงานสอน'!$A$3:$A$102,A6,'ภาระงานสอน'!$B$3:$B$102,B6,'ภาระงานสอน'!$D$3:$D$102,"<>") | D6: =SUMIFS('ภาระงานสอน'!$L$3:$L$102,'ภาระงานสอน'!$A$3:$A$102,A6,'ภาระงานสอน'!$B$3:$B$102,B6)
A7: 2570 | B7: ภาคเรียนที่ 2 | C7: =COUNTIFS('ภาระงานสอน'!$A$3:$A$102,A7,'ภาระงานสอน'!$B$3:$B$102,B7,'ภาระงานสอน'!$D$3:$D$102,"<>") | D7: =SUMIFS('ภาระงานสอน'!$L$3:$L$102,'ภาระงานสอน'!$A$3:$A$102,A7,'ภาระงานสอน'!$B$3:$B$102,B7)
A8: 2570 | B8: ภาคฤดูร้อน | C8: =COUNTIFS('ภาระงานสอน'!$A$3:$A$102,A8,'ภาระงานสอน'!$B$3:$B$102,B8,'ภาระงานสอน'!$D$3:$D$102,"<>") | D8: =SUMIFS('ภาระงานสอน'!$L$3:$L$102,'ภาระงานสอน'!$A$3:$A$102,A8,'ภาระงานสอน'!$B$3:$B$102,B8)
A9: 2571 | B9: ภาคเรียนที่ 1 | C9: =COUNTIFS('ภาระงานสอน'!$A$3:$A$102,A9,'ภาระงานสอน'!$B$3:$B$102,B9,'ภาระงานสอน'!$D$3:$D$102,"<>") | D9: =SUMIFS('ภาระงานสอน'!$L$3:$L$102,'ภาระงานสอน'!$A$3:$A$102,A9,'ภาระงานสอน'!$B$3:$B$102,B9)
A10: 2571 | B10: ภาคเรียนที่ 2 | C10: =COUNTIFS('ภาระงานสอน'!$A$3:$A$102,A10,'ภาระงานสอน'!$B$3:$B$102,B10,'ภาระงานสอน'!$D$3:$D$102,"<>") | D10: =SUMIFS('ภาระงานสอน'!$L$3:$L$102,'ภาระงานสอน'!$A$3:$A$102,A10,'ภาระงานสอน'!$B$3:$B$102,B10)
A11: 2571 | B11: ภาคฤดูร้อน | C11: =COUNTIFS('ภาระงานสอน'!$A$3:$A$102,A11,'ภาระงานสอน'!$B$3:$B$102,B11,'ภาระงานสอน'!$D$3:$D$102,"<>") | D11: =SUMIFS('ภาระงานสอน'!$L$3:$L$102,'ภาระงานสอน'!$A$3:$A$102,A11,'ภาระงานสอน'!$B$3:$B$102,B11)
A12: 2572 | B12: ภาคเรียนที่ 1 | C12: =COUNTIFS('ภาระงานสอน'!$A$3:$A$102,A12,'ภาระงานสอน'!$B$3:$B$102,B12,'ภาระงานสอน'!$D$3:$D$102,"<>") | D12: =SUMIFS('ภาระงานสอน'!$L$3:$L$102,'ภาระงานสอน'!$A$3:$A$102,A12,'ภาระงานสอน'!$B$3:$B$102,B12)
A13: 2572 | B13: ภาคเรียนที่ 2 | C13: =COUNTIFS('ภาระงานสอน'!$A$3:$A$102,A13,'ภาระงานสอน'!$B$3:$B$102,B13,'ภาระงานสอน'!$D$3:$D$102,"<>") | D13: =SUMIFS('ภาระงานสอน'!$L$3:$L$102,'ภาระงานสอน'!$A$3:$A$102,A13,'ภาระงานสอน'!$B$3:$B$102,B13)
A14: 2572 | B14: ภาคฤดูร้อน | C14: =COUNTIFS('ภาระงานสอน'!$A$3:$A$102,A14,'ภาระงานสอน'!$B$3:$B$102,B14,'ภาระงานสอน'!$D$3:$D$102,"<>") | D14: =SUMIFS('ภาระงานสอน'!$L$3:$L$102,'ภาระงานสอน'!$A$3:$A$102,A14,'ภาระงานสอน'!$B$3:$B$102,B14)
... A17: 2573 | B17: ภาคฤดูร้อน | C17: =COUNTIFS('ภาระงานสอน'!$A$3:$A$102,A17,'ภาระงานสอน'!$B$3:$B$102,B17,'ภาระงานสอน'!$D$3:$D$102,"<>") | D17: =SUMIFS('ภาระงานสอน'!$L$3:$L$102,'ภาระงานสอน'!$A$3:$A$102,A17,'ภาระงานสอน'!$B$3:$B$102,B17)

Sheet วิธีใช้งาน
A1: วิธีกรอกข้อมูลไฟล์ภาระงานสอน
A2: 1 | B2: ไปที่ชีต “ภาระงานสอน” แล้วกรอกข้อมูลแต่ละรายวิชา/หมู่เรียนใน 1 แถว
A3: 2 | B3: เลือกปีการศึกษาและภาคเรียนให้ตรงกัน เพื่อให้ชีตสรุปรวมข้อมูลได้ถูกต้อง
A4: 3 | B4: กรอกชั่วโมงบรรยาย/สัปดาห์ ชั่วโมงปฏิบัติ/สัปดาห์ และจำนวนสัปดาห์
A5: 4 | B5: คอลัมน์ “ชั่วโมงสอนรวม/สัปดาห์” และ “ชั่วโมงสอนรวม/ภาคเรียน” คำนวณให้อัตโนมัติ
A6: 5 | B6: ชีต “สรุปรายภาคเรียน” แสดงจำนวนรายวิชา/หมู่เรียนและชั่วโมงสอนรวม แยกตามปีการศึกษาและภาคเรียน
A7: หมายเหตุ | B7: ไฟล์นี้เป็นแม่แบบ สามารถแก้ไขชื่อภาคเรียน จำนวนปีการศึกษา และหัวตารางให้ตรงกับรูปแบบของหน่วยงานได้
